{
  "name": "normalize-scss",
  "version": "3.0.3",
  "main": "_normalize.scss",
  "author": [
    "Nicolas Gallagher",
    "Bo-Yi Wu"
  ],
  "ignore": [
    "CHANGELOG.md",
    "CONTRIBUTING.md",
    "component.json",
    "package.json",
    "test.html"
  ],
  "homepage": "https://github.com/appleboy/normalize.scss",
  "_release": "3.0.3",
  "_resolution": {
    "type": "version",
    "tag": "3.0.3",
    "commit": "4ee72d3f188dfce71a99d4214d7f873acd74cf56"
  },
  "_source": "git://github.com/appleboy/normalize.scss.git",
  "_target": "~3.0.3",
  "_originalSource": "normalize-scss"
}